{"train": {"accuracy": [0.7692307692307693, 0.9230769230769231, 0.8461538461538461, 0.9230769230769231, 0.7692307692307693, 0.6153846153846154, 0.6666666666666666, 0.6666666666666666, 0.5833333333333334, 0.9166666666666666], "precision": [0.868131868131868, 0.9384615384615385, 0.8901098901098901, 0.935897435897436, 0.868131868131868, 0.4444444444444444, 0.5, 0.5, 0.5666666666666668, 0.9333333333333332], "recall": [0.7692307692307693, 0.9230769230769231, 0.8461538461538461, 0.9230769230769231, 0.7692307692307693, 0.6153846153846154, 0.6666666666666666, 0.6666666666666666, 0.5833333333333334, 0.9166666666666666], "ka": [0.6517857142857142, 0.8839285714285714, 0.7636363636363637, 0.8828828828828829, 0.6608695652173913, 0.4444444444444444, 0.5, 0.5, 0.375, 0.875]}, "test": {"accuracy": [0.7592592592592593], "precision": [0.8144499178981938], "recall": [0.7592592592592593], "ka": [0.6388888888888888]}}