{
  "train": {
    "accuracy": [
      1.0, 1.0, 1.0, 1.0, 0.9230769230769231, 0.9230769230769231, 1.0,
      0.9166666666666666, 0.9166666666666666, 0.9166666666666666
    ],
    "precision": [
      1.0, 1.0, 1.0, 1.0, 0.9384615384615385, 0.9384615384615385, 1.0,
      0.9333333333333332, 0.9333333333333332, 0.9333333333333332
    ],
    "recall": [
      1.0, 1.0, 1.0, 1.0, 0.9230769230769231, 0.9230769230769231, 1.0,
      0.9166666666666666, 0.9166666666666666, 0.9166666666666666
    ],
    "ka": [
      1.0, 1.0, 1.0, 1.0, 0.8839285714285714, 0.8849557522123894, 1.0, 0.875,
      0.875, 0.875
    ]
  },
  "test": {
    "accuracy": [0.9444444444444444],
    "precision": [0.9523809523809524],
    "recall": [0.9444444444444444],
    "ka": [0.9166666666666666]
  }
}
