{"train": {"accuracy": [0.6923076923076923, 0.9230769230769231, 0.7692307692307693, 0.5384615384615384, 0.6153846153846154, 0.7692307692307693, 0.75, 0.3333333333333333, 0.5833333333333334, 0.8333333333333334], "precision": [0.6923076923076923, 0.9384615384615385, 0.7692307692307693, 0.6153846153846154, 0.631868131868132, 0.8205128205128205, 0.7555555555555555, 0.3666666666666667, 0.5444444444444444, 0.8333333333333334], "recall": [0.6923076923076923, 0.9230769230769231, 0.7692307692307693, 0.5384615384615384, 0.6153846153846154, 0.7692307692307693, 0.75, 0.3333333333333333, 0.5833333333333334, 0.8333333333333334], "ka": [0.5357142857142858, 0.8839285714285714, 0.6486486486486487, 0.32173913043478264, 0.4347826086956522, 0.6578947368421053, 0.625, 0.0, 0.375, 0.75]}, "test": {"accuracy": [0.7962962962962963], "precision": [0.7994724573671941], "recall": [0.7962962962962963], "ka": [0.6944444444444444]}}