{
  "train": {
    "accuracy": [
      0.6923076923076923, 0.9230769230769231, 1.0, 0.8461538461538461,
      0.7692307692307693, 0.8461538461538461, 1.0, 0.6666666666666666,
      0.9166666666666666, 1.0
    ],
    "precision": [
      0.7435897435897435, 0.935897435897436, 1.0, 0.8974358974358974, 0.8,
      0.8974358974358974, 1.0, 0.746031746031746, 0.9333333333333332, 1.0
    ],
    "recall": [
      0.6923076923076923, 0.9230769230769231, 1.0, 0.8461538461538461,
      0.7692307692307693, 0.8461538461538461, 1.0, 0.6666666666666666,
      0.9166666666666666, 1.0
    ],
    "ka": [
      0.5398230088495575, 0.8828828828828829, 1.0, 0.7719298245614035,
      0.6517857142857144, 0.7719298245614035, 1.0, 0.5, 0.875, 1.0
    ]
  },
  "test": {
    "accuracy": [0.8703703703703703],
    "precision": [0.8833766877245138],
    "recall": [0.8703703703703703],
    "ka": [0.8055555555555556]
  }
}
